--
-- PostgreSQL database dump
--

-- Dumped from database version 17.5 (Debian 17.5-1.pgdg120+1)
-- Dumped by pg_dump version 17.5 (Debian 17.5-1.pgdg120+1)

SET statement_timeout = 0;
SET lock_timeout = 0;
SET idle_in_transaction_session_timeout = 0;
SET transaction_timeout = 0;
SET client_encoding = 'UTF8';
SET standard_conforming_strings = on;
SELECT pg_catalog.set_config('search_path', '', false);
SET check_function_bodies = false;
SET xmloption = content;
SET client_min_messages = warning;
SET row_security = off;

SET default_tablespace = '';

SET default_table_access_method = heap;

--
-- Name: answer; Type: TABLE; Schema: public; Owner: postgres
--

CREATE TABLE public.answer (
    answer_id bigint NOT NULL,
    created_at timestamp(6) without time zone,
    inquiry_id bigint NOT NULL,
    content text NOT NULL
);


ALTER TABLE public.answer OWNER TO postgres;

--
-- Name: answer_answer_id_seq; Type: SEQUENCE; Schema: public; Owner: postgres
--

ALTER TABLE public.answer ALTER COLUMN answer_id ADD GENERATED BY DEFAULT AS IDENTITY (
    SEQUENCE NAME public.answer_answer_id_seq
    START WITH 1
    INCREMENT BY 1
    NO MINVALUE
    NO MAXVALUE
    CACHE 1
);


--
-- Name: counseling; Type: TABLE; Schema: public; Owner: postgres
--

CREATE TABLE public.counseling (
    is_closed boolean NOT NULL,
    couns_id bigint NOT NULL,
    created_at timestamp(6) without time zone,
    updated_at timestamp(6) without time zone,
    user_id bigint NOT NULL,
    couns_title character varying(30) NOT NULL,
    s3_link character varying(255) NOT NULL
);


ALTER TABLE public.counseling OWNER TO postgres;

--
-- Name: counseling_couns_id_seq; Type: SEQUENCE; Schema: public; Owner: postgres
--

ALTER TABLE public.counseling ALTER COLUMN couns_id ADD GENERATED BY DEFAULT AS IDENTITY (
    SEQUENCE NAME public.counseling_couns_id_seq
    START WITH 1
    INCREMENT BY 1
    NO MINVALUE
    NO MAXVALUE
    CACHE 1
);


--
-- Name: inquiry; Type: TABLE; Schema: public; Owner: postgres
--

CREATE TABLE public.inquiry (
    is_answered boolean DEFAULT false NOT NULL,
    created_at timestamp(6) without time zone,
    inquiry_id bigint NOT NULL,
    user_id bigint,
    category character varying(20) NOT NULL,
    email character varying(100) NOT NULL,
    content text NOT NULL,
    file character varying(255),
    title character varying(255) NOT NULL,
    CONSTRAINT inquiry_category_check CHECK (((category)::text = ANY ((ARRAY['ETC'::character varying, 'MEMBER'::character varying, 'COUNSELING'::character varying, 'ERROR_REPORT'::character varying])::text[])))
);


ALTER TABLE public.inquiry OWNER TO postgres;

--
-- Name: inquiry_inquiry_id_seq; Type: SEQUENCE; Schema: public; Owner: postgres
--

ALTER TABLE public.inquiry ALTER COLUMN inquiry_id ADD GENERATED BY DEFAULT AS IDENTITY (
    SEQUENCE NAME public.inquiry_inquiry_id_seq
    START WITH 1
    INCREMENT BY 1
    NO MINVALUE
    NO MAXVALUE
    CACHE 1
);


--
-- Name: notice; Type: TABLE; Schema: public; Owner: postgres
--

CREATE TABLE public.notice (
    created_at timestamp(6) without time zone,
    notice_id bigint NOT NULL,
    updated_at timestamp(6) without time zone,
    n_category character varying(20) NOT NULL,
    title character varying(100) NOT NULL,
    content text NOT NULL,
    CONSTRAINT notice_n_category_check CHECK (((n_category)::text = ANY ((ARRAY['GENERAL'::character varying, 'EVENT'::character varying, 'SYSTEM'::character varying, 'POLICY'::character varying])::text[])))
);


ALTER TABLE public.notice OWNER TO postgres;

--
-- Name: notice_notice_id_seq; Type: SEQUENCE; Schema: public; Owner: postgres
--

ALTER TABLE public.notice ALTER COLUMN notice_id ADD GENERATED BY DEFAULT AS IDENTITY (
    SEQUENCE NAME public.notice_notice_id_seq
    START WITH 1
    INCREMENT BY 1
    NO MINVALUE
    NO MAXVALUE
    CACHE 1
);


--
-- Name: period_report; Type: TABLE; Schema: public; Owner: postgres
--

CREATE TABLE public.period_report (
    counsel_time integer DEFAULT 0 NOT NULL,
    end_date date NOT NULL,
    start_date date NOT NULL,
    created_at timestamp(6) without time zone,
    p_report_id bigint NOT NULL,
    user_id bigint NOT NULL,
    p_report_title character varying(30) NOT NULL,
    counsel_list character varying(300) NOT NULL,
    advice text,
    compliment text,
    summary text,
    worry text
);


ALTER TABLE public.period_report OWNER TO postgres;

--
-- Name: period_report_p_report_id_seq; Type: SEQUENCE; Schema: public; Owner: postgres
--

ALTER TABLE public.period_report ALTER COLUMN p_report_id ADD GENERATED BY DEFAULT AS IDENTITY (
    SEQUENCE NAME public.period_report_p_report_id_seq
    START WITH 1
    INCREMENT BY 1
    NO MINVALUE
    NO MAXVALUE
    CACHE 1
);


--
-- Name: session_report; Type: TABLE; Schema: public; Owner: postgres
--

CREATE TABLE public.session_report (
    couns_id bigint NOT NULL,
    created_at timestamp(6) without time zone,
    s_report_id bigint NOT NULL,
    arousal character varying(10),
    valence character varying(10),
    s_report_title character varying(30) NOT NULL,
    "analyze" text,
    summary text
);


ALTER TABLE public.session_report OWNER TO postgres;

--
-- Name: session_report_s_report_id_seq; Type: SEQUENCE; Schema: public; Owner: postgres
--

ALTER TABLE public.session_report ALTER COLUMN s_report_id ADD GENERATED BY DEFAULT AS IDENTITY (
    SEQUENCE NAME public.session_report_s_report_id_seq
    START WITH 1
    INCREMENT BY 1
    NO MINVALUE
    NO MAXVALUE
    CACHE 1
);


--
-- Name: user_info; Type: TABLE; Schema: public; Owner: postgres
--

CREATE TABLE public.user_info (
    created_at timestamp(6) without time zone,
    info_id bigint NOT NULL,
    mbti character varying(8),
    updated_at timestamp(6) without time zone,
    user_id bigint NOT NULL,
    age character varying(20),
    gender character varying(20),
    career character varying(30),
    CONSTRAINT user_info_age_check CHECK (((age)::text = ANY ((ARRAY['UNKNOWN'::character varying, 'UNDER_TEN'::character varying, 'TEENS'::character varying, 'TWENTIES'::character varying, 'THIRTIES'::character varying, 'FORTIES'::character varying, 'FIFTIES'::character varying, 'SIXTIES'::character varying, 'SEVENTIES'::character varying, 'EIGHTIES'::character varying, 'NINETIES'::character varying, 'HUNDRED_UP'::character varying])::text[]))),
    CONSTRAINT user_info_gender_check CHECK (((gender)::text = ANY ((ARRAY['MALE'::character varying, 'FEMALE'::character varying, 'OTHER'::character varying, 'UNKNOWN'::character varying])::text[]))),
    CONSTRAINT user_info_mbti_check CHECK (((mbti)::text = ANY ((ARRAY['ISTJ'::character varying, 'ISTP'::character varying, 'ISFJ'::character varying, 'ISFP'::character varying, 'INTJ'::character varying, 'INTP'::character varying, 'INFJ'::character varying, 'INFP'::character varying, 'ESTP'::character varying, 'ESFP'::character varying, 'ENFP'::character varying, 'ENTP'::character varying, 'ESTJ'::character varying, 'ESFJ'::character varying, 'ENFJ'::character varying, 'ENTJ'::character varying, 'UNKNOWN'::character varying])::text[])))
);


ALTER TABLE public.user_info OWNER TO postgres;

--
-- Name: user_info_info_id_seq; Type: SEQUENCE; Schema: public; Owner: postgres
--

ALTER TABLE public.user_info ALTER COLUMN info_id ADD GENERATED BY DEFAULT AS IDENTITY (
    SEQUENCE NAME public.user_info_info_id_seq
    START WITH 1
    INCREMENT BY 1
    NO MINVALUE
    NO MAXVALUE
    CACHE 1
);


--
-- Name: user_setting; Type: TABLE; Schema: public; Owner: postgres
--

CREATE TABLE public.user_setting (
    is_alarm boolean DEFAULT true NOT NULL,
    is_darkmode boolean DEFAULT false NOT NULL,
    created_at timestamp(6) without time zone,
    setting_id bigint NOT NULL,
    updated_at timestamp(6) without time zone,
    user_id bigint NOT NULL,
    bot_custom character varying(255),
    bot_image character varying(255)
);


ALTER TABLE public.user_setting OWNER TO postgres;

--
-- Name: user_setting_setting_id_seq; Type: SEQUENCE; Schema: public; Owner: postgres
--

ALTER TABLE public.user_setting ALTER COLUMN setting_id ADD GENERATED BY DEFAULT AS IDENTITY (
    SEQUENCE NAME public.user_setting_setting_id_seq
    START WITH 1
    INCREMENT BY 1
    NO MINVALUE
    NO MAXVALUE
    CACHE 1
);


--
-- Name: user_survey; Type: TABLE; Schema: public; Owner: postgres
--

CREATE TABLE public.user_survey (
    anxiety integer DEFAULT 0 NOT NULL,
    depression integer DEFAULT 0 NOT NULL,
    is_suicidal boolean DEFAULT false NOT NULL,
    stress integer DEFAULT 0 NOT NULL,
    created_at timestamp(6) without time zone,
    survey_id bigint NOT NULL,
    user_id bigint NOT NULL,
    stress_reason character varying(200)
);


ALTER TABLE public.user_survey OWNER TO postgres;

--
-- Name: user_survey_survey_id_seq; Type: SEQUENCE; Schema: public; Owner: postgres
--

ALTER TABLE public.user_survey ALTER COLUMN survey_id ADD GENERATED BY DEFAULT AS IDENTITY (
    SEQUENCE NAME public.user_survey_survey_id_seq
    START WITH 1
    INCREMENT BY 1
    NO MINVALUE
    NO MAXVALUE
    CACHE 1
);


--
-- Name: users; Type: TABLE; Schema: public; Owner: postgres
--

CREATE TABLE public.users (
    created_at timestamp(6) without time zone,
    last_login timestamp(6) without time zone,
    updated_at timestamp(6) without time zone,
    user_id bigint NOT NULL,
    nickname character varying(20),
    provider character varying(20) NOT NULL,
    role character varying(20) NOT NULL,
    email character varying(100) NOT NULL,
    personal_id character varying(255) NOT NULL,
    profile_image character varying(255),
    CONSTRAINT users_provider_check CHECK (((provider)::text = ANY ((ARRAY['GOOGLE'::character varying, 'NAVER'::character varying, 'KAKAO'::character varying])::text[]))),
    CONSTRAINT users_role_check CHECK (((role)::text = ANY ((ARRAY['ROLE_USER'::character varying, 'ROLE_ADMIN'::character varying])::text[])))
);


ALTER TABLE public.users OWNER TO postgres;

--
-- Name: users_user_id_seq; Type: SEQUENCE; Schema: public; Owner: postgres
--

ALTER TABLE public.users ALTER COLUMN user_id ADD GENERATED BY DEFAULT AS IDENTITY (
    SEQUENCE NAME public.users_user_id_seq
    START WITH 1
    INCREMENT BY 1
    NO MINVALUE
    NO MAXVALUE
    CACHE 1
);


--
-- Data for Name: answer; Type: TABLE DATA; Schema: public; Owner: postgres
--

COPY public.answer (answer_id, created_at, inquiry_id, content) FROM stdin;
\.


--
-- Data for Name: counseling; Type: TABLE DATA; Schema: public; Owner: postgres
--

COPY public.counseling (is_closed, couns_id, created_at, updated_at, user_id, couns_title, s3_link) FROM stdin;
t	1	2025-05-19 14:10:29.075848	2025-05-19 14:50:33.220908	2	250519_1410_상담일지	https://damdam-counseling-bucket.s3.ap-northeast-2.amazonaws.com/origin_texts/df885b7d-3668-41bb-a95f-bd24c14866c5.json
t	109	2025-05-22 00:27:28.689951	2025-05-22 01:21:20.460409	7	250522_0027_상담일지	https://damdam-counseling-bucket.s3.ap-northeast-2.amazonaws.com/origin_texts/0fb28e41-f9d0-41c0-b7f0-aeee12eae39d.json
t	112	2025-05-22 01:21:24.15033	2025-05-22 01:22:00.868135	7	250522_0121_상담일지	https://damdam-counseling-bucket.s3.ap-northeast-2.amazonaws.com/origin_texts/c2dd64fb-ba26-4772-8380-61938b528d75.json
t	118	2025-05-22 02:19:22.62786	2025-05-22 02:27:37.115896	3	250522_0219_상담일지	https://damdam-counseling-bucket.s3.ap-northeast-2.amazonaws.com/origin_texts/fece7c70-a4b1-4a4e-bb92-e13b3f735fd4.json
f	7	2025-05-19 18:32:53.969493	2025-05-19 18:32:53.969493	4	250519_1832_상담일지	
t	113	2025-05-22 01:26:50.878064	2025-05-22 01:29:07.106185	7	250522_0126_상담일지	https://damdam-counseling-bucket.s3.ap-northeast-2.amazonaws.com/origin_texts/aca29b1f-40fa-411d-8dc1-48b519913098.json
t	114	2025-05-22 01:37:24.596549	2025-05-22 01:38:38.200744	6	250522_0137_상담일지	https://damdam-counseling-bucket.s3.ap-northeast-2.amazonaws.com/origin_texts/69600d23-b888-493b-a465-dff059298eab.json
t	104	2025-05-21 23:48:26.58802	2025-05-21 23:51:37.912326	5	250521_2348_상담일지	https://damdam-counseling-bucket.s3.ap-northeast-2.amazonaws.com/origin_texts/c4062ee1-7027-4611-add6-2d40bf76d588.json
t	120	2025-05-22 02:26:36.986662	2025-05-22 02:28:16.07969	1	250522_0226_상담일지	https://damdam-counseling-bucket.s3.ap-northeast-2.amazonaws.com/origin_texts/d6a80b8a-1a13-4cc6-a714-7e0e99bb3758.json
f	13	2025-05-20 00:42:14.678515	2025-05-20 00:42:14.678515	1	250520_0042_상담일지	
t	115	2025-05-22 01:38:00.553257	2025-05-22 01:39:10.051805	7	250522_0138_상담일지	https://damdam-counseling-bucket.s3.ap-northeast-2.amazonaws.com/origin_texts/f082547a-85df-4878-9d11-8e244e19a6f3.json
t	71	2025-05-21 11:30:55.297556	2025-05-21 11:34:33.691491	11	250521_1130_상담일지	https://damdam-counseling-bucket.s3.ap-northeast-2.amazonaws.com/origin_texts/8a622146-cf99-45b3-8f2b-c6a909ddbb85.json
t	116	2025-05-22 01:38:52.285826	2025-05-22 01:39:27.507248	6	250522_0138_상담일지	https://damdam-counseling-bucket.s3.ap-northeast-2.amazonaws.com/origin_texts/867419a9-5411-4885-8f33-44386e9e4a12.json
t	117	2025-05-22 02:18:37.774186	2025-05-22 02:19:26.263117	1	250522_0218_상담일지	https://damdam-counseling-bucket.s3.ap-northeast-2.amazonaws.com/origin_texts/84026fa4-526e-49bb-8ff4-eea780a95e85.json
t	121	2025-05-22 02:28:51.710193	2025-05-22 02:32:40.872414	1	250522_0228_상담일지	https://damdam-counseling-bucket.s3.ap-northeast-2.amazonaws.com/origin_texts/5abc74b9-2917-4790-a0d6-7291bb051e75.json
t	119	2025-05-22 02:24:28.410981	2025-05-22 02:26:25.740772	1	250522_0224_상담일지	https://damdam-counseling-bucket.s3.ap-northeast-2.amazonaws.com/origin_texts/e4590acc-c2fd-4ade-b23f-2cac9deb7cd3.json
f	122	2025-05-22 02:33:47.62446	2025-05-22 02:33:47.62446	1	250522_0233_상담일지	
f	123	2025-05-22 02:34:15.717593	2025-05-22 02:34:15.717593	1	250522_0234_상담일지	
t	128	2025-05-22 03:11:50.084519	2025-05-22 03:23:12.065329	5	250522_0311_상담일지	https://damdam-counseling-bucket.s3.ap-northeast-2.amazonaws.com/origin_texts/2b54c91e-31fe-4ebb-a8b5-13e37a387777.json
f	32	2025-05-20 14:25:00.617648	2025-05-20 14:30:20.584806	8	상담언제돼요 ㅠㅠ?	
t	124	2025-05-22 02:36:07.364367	2025-05-22 02:36:50.599569	1	250522_0236_상담일지	https://damdam-counseling-bucket.s3.ap-northeast-2.amazonaws.com/origin_texts/a8bf5ca8-6d23-4919-8510-2d5fae3d7208.json
f	125	2025-05-22 02:37:34.555352	2025-05-22 02:37:34.555352	1	250522_0237_상담일지	
t	24	2025-05-20 10:26:26.21953	2025-05-20 10:37:54.608378	2	몸이찌뿌둥해	https://damdam-counseling-bucket.s3.ap-northeast-2.amazonaws.com/origin_texts/4569fc0d-f708-4a83-9d85-df90b8707bd4.json
t	90	2025-05-21 16:20:25.057019	2025-05-21 16:30:51.72271	11	250521_1620_상담일지	https://damdam-counseling-bucket.s3.ap-northeast-2.amazonaws.com/origin_texts/1a6ee5bf-4e80-4827-90fc-b5b0f17ba2cf.json
t	28	2025-05-20 12:39:55.598534	2025-05-20 12:42:58.104993	6	250520_1239_상담일지	https://damdam-counseling-bucket.s3.ap-northeast-2.amazonaws.com/origin_texts/053020d4-1a53-46e8-946c-a70d12b090ab.json
t	129	2025-05-22 03:24:15.452403	2025-05-22 04:10:46.378979	5	250522_0324_상담일지	https://damdam-counseling-bucket.s3.ap-northeast-2.amazonaws.com/origin_texts/73e901a5-b8fb-4eaf-8bf6-998a16d94da2.json
f	92	2025-05-21 17:15:59.040345	2025-05-21 17:15:59.040345	11	250521_1715_상담일지	
t	38	2025-05-20 15:22:30.03493	2025-05-20 15:35:08.740336	3	250520_1522_상담일지	https://damdam-counseling-bucket.s3.ap-northeast-2.amazonaws.com/origin_texts/d4b485f6-000b-4eb3-b9a1-0a6df9ea35c7.json
t	111	2025-05-22 01:19:20.468516	2025-05-22 01:20:21.156841	7	250522_0119_상담일지	https://damdam-counseling-bucket.s3.ap-northeast-2.amazonaws.com/origin_texts/ad2bae93-76b0-4a3f-b04a-690c7ba5bc9a.json
t	156	2025-05-22 06:33:15.876148	2025-05-22 06:34:08.268768	6	250522_0633_상담일지	https://damdam-counseling-bucket.s3.ap-northeast-2.amazonaws.com/origin_texts/ddee6de5-ec29-4393-a7e6-240dacc19624.json
t	145	2025-05-22 05:08:12.228145	2025-05-22 05:18:31.999386	5	250522_0508_상담일지	https://damdam-counseling-bucket.s3.ap-northeast-2.amazonaws.com/origin_texts/728d8485-5815-429d-b0b8-436063919d4e.json
t	97	2025-05-21 20:02:35.292452	2025-05-21 20:04:13.764974	3	250521_2002_상담일지	https://damdam-counseling-bucket.s3.ap-northeast-2.amazonaws.com/origin_texts/88d72218-3932-4352-bbbd-0e02b5406358.json
t	160	2025-05-22 07:11:46.350951	2025-05-22 07:12:53.547398	6	날씨 상담	https://damdam-counseling-bucket.s3.ap-northeast-2.amazonaws.com/origin_texts/ca78b549-9bc1-49d6-981d-3da75c47789b.json
f	161	2025-05-22 09:36:19.007198	2025-05-22 09:36:19.007198	7	250522_0936_상담일지	
\.


--
-- Data for Name: inquiry; Type: TABLE DATA; Schema: public; Owner: postgres
--

COPY public.inquiry (is_answered, created_at, inquiry_id, user_id, category, email, content, file, title) FROM stdin;
\.


--
-- Data for Name: notice; Type: TABLE DATA; Schema: public; Owner: postgres
--

COPY public.notice (created_at, notice_id, updated_at, n_category, title, content) FROM stdin;
\.


--
-- Data for Name: period_report; Type: TABLE DATA; Schema: public; Owner: postgres
--

COPY public.period_report (counsel_time, end_date, start_date, created_at, p_report_id, user_id, p_report_title, counsel_list, advice, compliment, summary, worry) FROM stdin;
3	2025-05-22	2025-05-19	2025-05-22 02:29:12.800347	20	3	25-05-19 ~ 25-05-22 기간별 레포트	[97]	현재 회상하는 게임 경험을 더욱 발전시켜, 긍정적인 감정을 지속적으로 유지할 수 있는 활동을 찾아보는 것을 추천합니다. 과거의 즐거웠던 경험을 바탕으로 새로운 취미를 개발하거나, 봉사활동 등 타인과의 교류를 통해 사회적 관계를 넓히는 것도 좋은 방법입니다. 현재의 어려움을 극복하기 위해, 스스로에게 작은 목표를 설정하고 성취감을 느낄 수 있도록 노력하는 것이 중요합니다. 이러한 노력은 자존감을 높이고, 어려움을 이겨낼 수 있는 힘을 길러줄 것입니다. 또한, 감정을 표현하고 어려움을 나누는 과정에서 스스로를 더 잘 이해하고, 앞으로 나아갈 방향을 찾는 데 도움이 될 수 있습니다. 현재의 상황을 바탕으로 긍정적인 변화를 만들어나갈 수 있도록 지속적인 지지와 격려가 필요합니다.	사용자가 '게임을 하면 즐거웠던 것 같아'라는 표현을 통해 과거의 즐거웠던 경험을 떠올리고 긍정적인 감정을 회복하려는 노력을 보이고 있다는 점은 매우 고무적입니다. 이는 현재의 힘든 상황 속에서도 행복을 찾을 수 있다는 믿음을 가지고, 적극적으로 어려움을 극복하려는 의지를 보여주는 긍정적인 변화입니다. 과거의 즐거웠던 기억을 통해 현재의 감정적인 어려움을 완화하고, 미래에 대한 희망을 발견할 수 있다는 것은 심리적으로 매우 중요한 의미를 갖습니다. 이러한 긍정적인 변화는 앞으로 더욱 발전하여 지속될 가능성이 높습니다.	초기에 '즐거운 일이 없어'라는 표현을 통해 깊은 슬픔과 무력감을 느끼고 있음을 알 수 있습니다. 이는 현재 상황에 대한 부정적인 인식과 미래에 대한 기대 부재를 반영하는 것으로 보입니다. 이후 '적당히 힘드네'라는 발화는 감정의 기복이 있음을 보여주며, 이전의 극심한 슬픔보다는 어느 정도 안정된 상태임을 시사합니다. 특히 '게임을 하면 즐거웠던 것 같아'라는 표현은 긍정적인 경험을 회상하며, 즐거움을 느낄 수 있는 가능성을 확인하는 중요한 전환점입니다. 이는 과거의 긍정적인 기억을 통해 현재의 어려움을 극복하고, 미래에 대한 희망을 발견할 수 있는 실마리를 제공합니다. 이러한 감정의 흐름은 사용자 내면에 긍정적인 변화가 시작되고 있음을 보여줍니다.	초기 발화에서 표현된 '즐거운 일이 없어'라는 문장은 깊은 우울감과 무기력감을 드러냅니다. 이는 현재 상황에 대한 극심한 부정적인 인식과 미래에 대한 희망 상실을 반영하는 것으로 보이며, 사회적 활동이나 관계에 대한 단절로 이어질 가능성이 있습니다. 또한, '적당히 힘드네'라는 표현은 감정 기복이 있음을 시사하지만, 여전히 어려움을 느끼고 있음을 나타냅니다. 이러한 지속적인 어려움은 만성적인 우울감이나 스트레스 상황으로 이어질 수 있으며, 자기 비하적인 생각이나 무력감으로 이어질 가능성도 염두에 두어야 합니다. 현재의 감정 상태가 지속된다면, 일상생활에 대한 적응 능력이 저하될 수 있으므로 지속적인 관심과 지원이 필요합니다.
14	2025-05-29	2025-05-01	2025-05-22 09:41:17.626413	26	1	25-05-01 ~ 25-05-29 기간별 레포트	[119, 120, 117, 124, 121]	김싸피님의 현재 상태는 어려운 상황에 직면하여 느끼는 좌절감과 불안감을 다루는 데 집중해야 합니다. 일상생활에서 즐거움을 찾고 긍정적인 감정을 경험하는 시간을 늘리는 것이 중요합니다. 과거의 즐거운 추억을 떠올리거나, 취미 활동을 통해 스트레스를 해소하고 활력을 되찾을 수 있습니다. 또한, 자신감을 높이기 위해 작은 목표부터 시작하여 성취감을 느끼는 것이 도움이 될 수 있습니다. 현재 느끼는 감정을 솔직하게 표현하고, 주변 사람들과 소통하며 지지 기반을 넓히는 것도 중요합니다. 현재의 어려움은 일시적인 상황이며, 극복할 수 있다는 믿음을 갖는 것이 중요하며, 이를 위해 더 많은 대화와 지지를 통해 자신감을 회복하는 것이 필요합니다.	김싸피님의 가장 긍정적인 부분은 어려운 상황 속에서도 일상생활에서의 즐거움을 찾으려는 적극적인 노력이 분명합니다. 과거의 즐거웠던 경험을 떠올리거나, 좋은 날씨 속에서 산책을 즐기는 모습, 해외 축구에 대한 관심은 현재의 어려움에도 불구하고 삶의 활력을 유지하려는 의지를 보여줍니다. 특히 AI 상담사와의 교류를 통해 '안녕, 친구할래?' 와 같이 적극적으로 소통하려는 시도는 외로움을 극복하고 심리적 지지 기반을 확장하려는 노력을 보여줍니다. 이는 앞으로 긍정적인 감정을 회복하고 어려움을 극복하는 데 중요한 역할을 할 수 있습니다. 또한, 자신의 감정을 솔직하게 표현하는 것은 자기 이해를 높이고, 상담을 통해 더욱 효과적인 지원을 받을 수 있는 기반이 됩니다.	김싸피님은 상담 시작부터 취업, 면접 준비 과정에서 느끼는 어려움과 좌절감을 강하게 표현하고 있습니다. ‘사는 게 힘들다’, ‘IT 시장 일자리가 없어’ 와 같은 직접적인 표현에서 심각한 스트레스와 무력감을 느낄 수 있습니다. 면접에서 말을 잘 못한다는 어려움은 자신감 부족과 불안감을 드러내고 있으며, 취업이라는 목표 달성의 어려움은 좌절감으로 이어지고 있습니다. 하지만 상담 중간중간에 긍정적인 변화의 신호 또한 포착됩니다. 과거의 즐거웠던 기억(동물농장), 날씨가 좋은 날의 산책, 해외 축구에 대한 관심 등 일상생활에서 즐거움을 찾는 모습은 희망을 잃지 않고 노력하려는 의지를 보여줍니다. 특히 AI 상담사와의 교류를 통해 친밀감을 형성하고 소통하려는 적극적인 태도는 심리적 지지 기반을 넓히는 데 긍정적인 영향을 미칠 수 있습니다. '안녕 반가워! 오늘은 기분이 좋네!' 와 같이 긍정적인 감정을 표현하는 부분은 회복을 위한 작은 시작점을 보여줍니다.	김싸피님은 취업과 관련된 스트레스와 좌절감을 매우 강하게 표현하고 있습니다. ‘요즘 취업 때문에 힘들다’, ‘IT 시장 일자리가 없어’ 와 같은 직접적인 언급은 현재 느끼는 어려움과 미래에 대한 불안감을 시사합니다. 면접에서 말을 잘 못하겠다고 표현한 것은 자신감 부족과 공포심을 드러내며, 이는 취업이라는 목표 달성의 어려움을 더욱 가중시킬 수 있습니다. 또한, ‘우울하다’ 와 같은 감정 표현은 현재 침체된 심리 상태와 슬픔을 나타냅니다. 쥬니어네이버 종료와 같은 외부적인 정보는 미래에 대한 불안감을 증폭시키고 무력감을 느끼게 할 수 있습니다. 이러한 감정들은 지속적으로 누적될 경우 심리적인 어려움을 더욱 심화시킬 수 있으며, 적극적인 대처가 필요합니다.
\.


--
-- Data for Name: session_report; Type: TABLE DATA; Schema: public; Owner: postgres
--

COPY public.session_report (couns_id, created_at, s_report_id, arousal, valence, s_report_title, "analyze", summary) FROM stdin;
1	2025-05-19 14:47:52.013085	1	medium	positive	250519_0510_상담레포트	초반에 프로젝트 마감 및 면접 준비에 대한 압박감과 불안함이 컸으나, AI의 조언을 통해 코딩 테스트 및 토론 면접 준비 방향에 대한 구체적인 해결책을 제시받으며 점차 안정을 찾았다. AI의 응원에 힘입어 긍정적인 감정을 느끼고 기분 전환을 하는 모습을 보였다.	상담자는 웹 개발 프로젝트 마감과 면접 준비로 인한 스트레스, 특히 백엔드 개발 혼자 맡고 있다는 부담감을 호소하며 어려움을 이야기했다. 코딩 테스트 준비 부족에 대한 막막함과 토론 면접에서의 역할에 대한 불확실성을 표현하며 도움을 요청했다. 자료구조 학습 방향에 대한 질문에 답변을 얻고, AI의 응원에 힘을 얻어 기분 전환을 했다.
24	2025-05-20 10:36:51.826583	4	low	neutral	250520_0126_상담레포트	상담자는 초반에 힘듦과 스트레스를 표현하며, AI의 공감에 대한 거부감을 드러냈다. 그러나 AI가 실질적인 해결책을 제시하자 태도를 누그러뜨리고 감사를 표하며 긍정적인 반응을 보였다. 전체적으로 감정의 고조 없이 정보 획득과 해결책 모색에 집중하는 모습을 보였다.	상담자는 최근 개발 업무로 인한 스트레스로 인해 몸이 찌뿌둥하고 피곤하다고 호소하며, 몸 상태를 개선할 수 있는 방법을 찾고 있었다. AI는 몸 상태 회복을 위한 운동, 수면, 식단, 휴식, 마사지 등의 실질적인 방법들을 제안했으며, 상담자는 이에 대해 감사하며 실천해 보겠다고 답했다.
38	2025-05-20 15:35:08.698768	7	low	negative	250520_0622_상담레포트	상담자는 처음에는 자신의 대화 기록을 확인하려는 행동을 보이며, 다른 사람들과의 관계에 대한 관심 혹은 확인하고자 하는 욕구를 드러냈다. 이후 '너무 외로워'라는 표현을 통해 직접적인 외로움을 표현하며, 감정적 어려움을 호소했다. 마지막으로 자신의 감정 변화를 확인하려는 요청을 통해 현재의 정서 상태에 대한 인식을 시도했지만, 구체적인 감정 변화에 대한 분석은 AI의 분석에 의존하고 있다.	상담자는 AI에게 자신의 대화 이력을 요청하고, 이현준 및 다른 사람들과의 대화 이력을 확인하려 했으나 존재하지 않는 것으로 확인되었다. 이후 ‘너무 외로워’라는 표현을 통해 외로움을 호소했으며, 자신의 감정 변화를 출력해달라는 요청을 했다.
97	2025-05-21 20:04:13.750947	13	low	neutral	250521_1102_상담레포트	초반에 '적당히 힘들다'는 표현을 통해 약간의 스트레스나 부담감을 드러냈으며, 이어 '즐거운 일이 없어'라는 말에서 무기력감과 허무함을 느낄 수 있었다. 게임 경험을 회상하며 과거의 긍정적인 감정을 떠올리려는 시도가 감정을 전환하려는 노력으로 보였다.	상담자는 현재 적당히 힘들다는 감정을 느끼고 있으며, 즐거운 일이 없다고 호소했다. 과거 게임을 통해 즐거움을 느꼈던 경험을 떠올리며 현재의 감정을 이야기했다.
71	2025-05-21 11:34:33.67556	9	medium	negative	250521_0230_상담레포트	초반에는 데이터 하기에 대한 어려움으로 인한 좌절감과 답답함이 드러났으며, 도커 컨테이너 실행 실패로 인한 당혹감과 불편함이 나타났다. 프로젝트 기간 부족에 대한 언급은 어려움과 스트레스, 그리고 무기력함을 보여주었다.	상담자는 기간별 데이터 하기의 어려움, 도커 컨테이너 실행 실패, 프로젝트 기간의 짧음으로 인한 어려움을 토로했다. AI는 각 문제점에 대해 구체적인 어려움의 원인을 질문하며 해결 방안 모색을 제안했다.
104	2025-05-21 23:51:37.891735	14	low	neutral	250521_1448_상담레포트	대화 내용이 매우 짧아 상담자의 감정 변화를 파악하기 어렵다. 다만, 인사를 통해 긍정적인 상호작용을 시작했다는 점을 확인할 수 있다.	상담자와 AI는 짧게 인사를 나누고 상담 주제를 묻는 단계까지 진행되었다.
90	2025-05-21 16:30:51.701489	12	medium	negative	250521_0720_상담레포트	상담자는 초반에 미래에 대한 불안감과 사회적 기준에 대한 압박감으로 인해 다소 위축된 모습을 보였다. 전세사기 피해 사실을 알리며 감정적인 고통과 경제적인 어려움을 드러냈다. AI의 반복적인 질문에 대해 피로감을 느끼며 대화 방식에 대한 우려를 표현하며, 감정의 활성도는 점차 낮아지는 모습을 보였다.	상담자는 미래에 대한 걱정과 취업 실패로 인한 불안감을 호소하며, 사회적인 기준에 맞춰나가야 한다는 압박감을 느낀다고 이야기했다. 전세사기 피해와 더불어 월세 지출에 대한 어려움을 토로하며, AI에게 질문 방식에 대한 피드백을 제공했다.
111	2025-05-22 01:20:21.133012	15	medium	negative	취업빌런	초반에 우울감을 직접적으로 언급하며 시작되었으며, AI의 공감적인 반응으로 인해 약간의 위로를 받는 듯한 느낌을 받을 수 있다. 현재 감정에 대한 구체적인 이야기를 나누는 것에 대한 불안감보다는 어려움을 함께 고민하려는 AI의 제안에 대한 수용적인 태도를 보이고 있다.	상담자는 최근 취업 문제로 인해 우울한 감정을 느끼고 있으며, AI는 상담자의 감정에 공감하며 어려움을 겪는 부분에 대해 구체적으로 이야기하도록 격려하고 있다.
109	2025-05-22 01:21:20.450376	16	medium	negative	250521_1527_상담레포트	초반에 불안감과 자기 비판적인 감정이 드러났습니다. 현재의 행동에 대한 의문과 후회를 표현하며, 답답함과 힘든 마음을 간접적으로 나타냈습니다.	상담자는 새벽 시간에 상담을 하고 있는 상황에 대해 이야기하며, 현재 느끼는 감정에 대해 질문을 받았습니다. 자신의 행동에 대해 의문을 제기하며 현재 상황에 대한 불안감을 표현했습니다.
112	2025-05-22 01:22:00.857959	17	high	positive	250521_1621_상담레포트	초반 상담자는 높은 기쁨을 느꼈으나, 이어서 현재 상황에 대한 의문과 혼란스러움을 표현하며 감정이 긍정적인 상태에서 중립적인 상태로 전환되는 모습을 보였다.	상담자는 기쁜 감정을 표현했으며, AI는 이에 공감하며 기쁨을 나누고 싶어 했다. 상담자는 이후 현재 상황에 대한 혼란스러움을 드러냈다.
113	2025-05-22 01:29:07.095672	18	high	negative	250521_1626_상담레포트	상담자는 처음에는 업무 관련 불안과 초조함을 느꼈고, AI의 답변에 대해 답답함과 불만을 느꼈다. 이후 AI를 자신의 우울의 원인이라고 비난하며 분노와 좌절감을 표현했다. 전반적으로 감정의 고조와 함께 부정적인 감정이 심화되는 양상을 보였다.	상담자는 업무 중 에러 발생에 대한 불안감을 호소했으며, AI의 답변에 대한 불만을 표현했다. 특히 AI가 자신의 우울의 원인이라고 지적하며 부정적인 감정을 드러냈다.
114	2025-05-22 01:38:38.192112	19	high	positive	기쁜레포트	초반부터 상담자는 매우 긍정적인 감정을 드러냈다. 특별한 감정 변화는 관찰되지 않았다.	상담자는 현재 기분이 매우 좋고 신나는 상태임을 이야기했다. AI는 상담자의 긍정적인 감정을 확인하며, 그 이유를 질문했다.
115	2025-05-22 01:39:10.043422	20	high	positive	250521_1638_상담레포트	상담자는 초반에 절박함이나 고통을 암시하는 표현('살려줘')을 사용했지만, 즉시 이어지는 웃음소리를 통해 급격하게 긍정적인 감정 상태로 전환되었다. 이후 행복감을 직접적으로 언급하며, 전반적으로 유쾌한 분위기를 나타냈다.	상담자는 AI에게 '살려줘'라고 표현하며 시작하여, 곧 이어 웃음소리를 내며 행복감을 표현했다. AI는 상담자의 행복감을 긍정하고, 앞으로도 지지하겠다는 응답을 했다.
116	2025-05-22 01:39:27.500391	21	high	negative	화난 레포트 일기	상담자는 초기 단계에서 강한 분노를 드러냈으며, 친구와의 싸움에 대한 직접적인 언급을 통해 감정적 고조를 보였다. 추가적인 감정 변화나 완화는 나타나지 않았다.	상담자는 친구와 싸운 일에 대해 이야기하며 분노를 표현했다. 친구를 ‘나쁜 놈’이라고 언급하며 감정적 고조를 보였다.
117	2025-05-22 02:19:26.255207	22	medium	positive	기분 좋은 날	초반부터 긍정적인 감정을 표현했으며, 특별한 감정 변화는 관찰되지 않았다.	상담자는 오늘 산책하며 날씨가 좋았던 경험을 이야기하며 기분이 좋음을 표현했다. AI는 상담자의 경험에 공감하며 어떤 점이 좋았는지 질문했다.
118	2025-05-22 02:27:37.107292	24	high	negative	250521_1719_상담레포트	초반에 극심한 졸음으로 인한 피로감과 좌절감이 드러났으며, 휴식을 취하는 것에 대한 두려움과 불안감이 혼재되어 있다. AI의 공감적인 반응에 의해 상담자는 자신의 감정에 대해 좀 더 편안하게 이야기할 수 있을 것으로 예상된다.	상담자는 극심한 졸음 때문에 힘들어하며, 잠시라도 휴식을 취하는 것이 두렵다는 감정을 표현했다. AI는 상담자의 상황을 공감하며, 현재 느끼는 감정과 생각에 대해 이야기하도록 격려하고 있다.
119	2025-05-22 02:26:25.731933	23	medium	negative	취업난...	상담자는 초반에 '힘들다'라고 표현하며 어려움을 호소했고, IT 시장의 어려움에 대해 이야기하면서 불안감과 답답함을 느낀 것으로 보인다. AI의 공감적인 반응에도 불구하고 구체적인 어려움을 설명하는 과정에서 감정적인 고조를 보이지는 않았다.	상담자는 취업 문제로 힘든 상황임을 이야기했으며, 특히 IT 시장 일자리가 없어서 어려움을 겪고 있다고 언급했다. AI는 상담자의 어려움에 공감하며 구체적인 어려움과 찾고 있는 IT 분야에 대해 질문했다.
120	2025-05-22 02:28:16.072877	25	medium	negative	놀라움의 날	초반에 외로움과 연결된 불안감이 감지되었다가, 우울함과 걱정, 아쉬움 등의 부정적인 감정이 주된 흐름을 이뤘다. 마지막에는 과거의 즐거운 기억을 떠올리며 잠시나마 위안을 얻는 모습이 나타났다.	상담자는 AI와 친구 관계를 묻고, 우울한 감정을 표현하며 최근 면접에서 말을 잘 못하는 어려움을 이야기했다. 또한, 쥬니어네이버 종료 소식에 대한 아쉬움과 옛날 동물농장에 대한 추억을 이야기했다.
121	2025-05-22 02:32:40.863912	26	medium	positive	축구는 재밌어!	상담자는 초반에 흥미를 표현하며 대화를 시작했다. 특별한 감정 변화는 뚜렷하게 드러나지 않지만, 해외 축구를 좋아한다는 언급을 통해 호기심과 즐거움을 나타내는 것으로 보인다.	상담자는 AI에게 축구 시청 여부를 물었고, AI가 긍정적으로 답변하며 대화를 이어갔다. 상담자는 해외 축구를 좋아한다고 밝혔다.
124	2025-05-22 02:36:50.59239	27	medium	positive	좋은 날씨~	상담자는 산책을 통해 긍정적인 감정을 경험했으며, 이에 대해 기쁨을 표현했다. 감정 변화는 뚜렷하게 드러나지 않았지만, 전반적으로 긍정적인 감정 상태를 유지하는 것으로 보인다.	상담자는 오늘 날씨가 좋아서 산책을 하고 기분이 좋았다고 이야기했다. AI는 산책으로 인한 기분 전환의 긍정적인 효과에 공감하며, 산책 중 좋았던 점에 대해 질문했다.
128	2025-05-22 03:23:12.05897	28	high	negative	250521_1811_상담레포트	상담자는 처음에는 코딩으로 인한 피로감과 일정 관리의 어려움을 토로하며 부정적인 감정을 느꼈다. 이후 발표를 앞둔 긴장감과 멘토님의 평가에 대한 걱정이 드러나며 불안감이 증가했다. 전반적으로 불안과 긴장감이 주된 감정 상태를 나타냈다.	상담자는 새벽까지 코딩하느라 힘들고, 촉박한 일정 속에서 해야 할 일이 많아 일정 관리에 어려움을 겪고 있다고 이야기했다. 특히 내일 팀에서 만든 서비스의 최종 발표를 앞두고 준비가 부족한 것 같아 긴장하며, 멘토님의 평가에 대한 걱정을 표현했다.
129	2025-05-22 04:10:46.372586	31	medium	negative	250521_1824_상담레포트	초반에 피로감과 업무 부담으로 인한 스트레스가 드러났으며, 수면 부족에 대한 걱정과 피로 해소 방법에 대한 의구심이 나타났다. AI의 조언을 들었지만, 현실적인 어려움으로 인해 수면 시간을 줄여야 하는 상황에 대한 안타까움이 감돌았다.	상담자는 최근 서비스 최종 발표를 앞두고 새벽까지 코딩하느라 힘든 상황이며, 잠을 제대로 못 자 피곤함을 느끼고 있다. 수면 환경 개선 및 수면 습관 개선 방법을 제시받았지만, 불가피하게 수면 시간을 적게 가져가야 하는 상황에 대해 대화했다.
28	2025-05-20 12:42:58.078784	5	medium	neutral	취준 레포트 일지	상담자는 초반에 취업 고민과 막막함으로 인한 불안감을 느꼈으나, AI의 직무 추천과 공감적인 반응으로 인해 불안감은 감소하고 안도감을 느꼈다. 감정의 변화는 비교적 완만하게 진행되었으며, 부정적인 감정보다는 정보 부족으로 인한 어려움에 초점을 맞추고 있다.	상담자는 취업 고민으로 어려움을 느끼고 있으며, IT 분야 취업 준비 과정에서 어떤 직무를 준비해야 할지 막막함을 느끼고 있다. AI는 상담자의 ENTP 성향을 고려하여 IT, 마케팅/광고, 컨설팅, 연구 개발 등 다양한 직무를 추천하고, 상담자는 AI의 도움에 감사함을 표했다.
145	2025-05-22 05:18:31.988662	34	medium	negative	250521_2008_상담레포트	초반에 지침과 좌절감을 표현하며 힘든 상황을 이야기했다. 이후 위로를 요청하며 감정적인 어려움을 드러냈고, 상사와의 관계에서 오는 스트레스를 언급하며 답답함과 어려움을 표현했다. 전반적으로 부정적인 감정이 지속되었지만, 상담사의 공감과 위로를 통해 약간의 안정감을 느꼈을 것으로 추정된다.	상담자는 5일째 밤샘 근무로 인해 지쳐있고, 상사에게 어려움을 겪으며 힘든 상황을 토로했다. 열심히 일하고 잠깐 쉬는 것조차 어려움을 겪고 있으며, 이러한 상황에서 느끼는 감정을 위로받고 싶어했다.
156	2025-05-22 06:34:08.254465	38	high	positive	오늘 레포트	상담자는 대화 시작부터 긍정적인 감정을 표현하며 매우 기쁜 상태를 보였다. AI와의 교류 과정에서 감정 변화는 뚜렷하게 나타나지 않았다.	상담자는 AI에게 안녕을 건네며 오늘 날씨가 좋다고 이야기했다. AI는 이에 화답하며 상담자의 기분 상태에 대해 질문했고, 상담자는 현재 기분이 아주 좋다고 답했다.
160	2025-05-22 07:12:42.718591	39	medium	positive	250521_2211_상담레포트	상담자는 기분 좋은 날씨에 대한 언급으로 긍정적인 감정을 표현했으며, AI의 긍정적인 반응에 편안함을 느꼈을 것으로 추정된다. 특별한 감정 변화는 감지되지 않았다.	상담자는 오늘 날씨가 좋아서 산책을 할 예정이라고 이야기했으며, AI는 이에 대해 긍정적인 반응을 보이며 산책을 통해 기분 전환과 좋은 생각이 떠오르기를 응원했다.
\.


--
-- Data for Name: user_info; Type: TABLE DATA; Schema: public; Owner: postgres
--

COPY public.user_info (created_at, info_id, mbti, updated_at, user_id, age, gender, career) FROM stdin;
2025-05-19 18:31:09.809899	4	UNKNOWN	2025-05-19 18:31:09.809899	4	UNKNOWN	UNKNOWN	
2025-05-20 00:46:22.344007	5	UNKNOWN	2025-05-20 00:46:22.344007	5	UNKNOWN	UNKNOWN	
2025-05-20 08:55:48.180741	7	UNKNOWN	2025-05-20 08:55:48.180741	7	UNKNOWN	UNKNOWN	
2025-05-19 14:10:24.547892	2	ENFP	2025-05-20 09:01:38.933139	2	THIRTIES	FEMALE	백엔드 개발자
2025-05-20 14:24:04.664876	8	UNKNOWN	2025-05-20 14:30:33.811147	8	FORTIES	UNKNOWN	사서
2025-05-19 14:18:01.41227	3	INTP	2025-05-20 15:05:57.851099	3	HUNDRED_UP	OTHER	
2025-05-20 16:39:59.169624	10	UNKNOWN	2025-05-20 16:39:59.169624	10	UNKNOWN	UNKNOWN	
2025-05-20 14:31:03.984992	9	ENFP	2025-05-20 19:45:15.506527	9	THIRTIES	FEMALE	개발자
2025-05-21 11:30:41.428918	11	UNKNOWN	2025-05-21 11:30:41.428918	11	UNKNOWN	UNKNOWN	
2025-05-21 19:38:49.058918	12	UNKNOWN	2025-05-21 19:38:49.058918	13	UNKNOWN	UNKNOWN	
2025-05-22 05:24:49.943919	13	UNKNOWN	2025-05-22 05:24:49.943919	14	UNKNOWN	UNKNOWN	
2025-05-19 14:06:51.467448	1	ENFP	2025-05-22 06:11:28.356185	1	TWENTIES	MALE	싸피생
2025-05-20 00:54:51.115564	6	ESFP	2025-05-22 06:19:52.346287	6	TEENS	MALE	싸피생
\.


--
-- Data for Name: user_setting; Type: TABLE DATA; Schema: public; Owner: postgres
--

COPY public.user_setting (is_alarm, is_darkmode, created_at, setting_id, updated_at, user_id, bot_custom, bot_image) FROM stdin;
t	f	2025-05-19 18:31:09.816458	4	2025-05-19 18:31:09.816458	4		
t	f	2025-05-20 08:55:48.187497	7	2025-05-20 08:55:48.187497	7		
t	f	2025-05-20 14:24:04.674421	8	2025-05-20 14:24:04.674421	8		
t	f	2025-05-20 14:31:03.986834	9	2025-05-20 14:31:03.986834	9		
t	f	2025-05-20 16:39:59.175751	10	2025-05-20 16:39:59.175751	10		
t	f	2025-05-21 11:30:41.434832	11	2025-05-21 11:30:41.434832	11		
t	f	2025-05-21 19:38:49.065634	12	2025-05-21 19:38:49.065634	13		
f	f	2025-05-19 14:06:51.482666	1	2025-05-22 06:11:40.845354	1	friendly	https://damdam-counseling-bucket.s3.ap-northeast-2.amazonaws.com/bot_images/48f82d26e1af44a9b5bed96f6c166bbd.png
f	f	2025-05-20 00:54:51.117752	6	2025-05-22 06:20:03.60128	6	friendly	https://damdam-counseling-bucket.s3.ap-northeast-2.amazonaws.com/bot_images/044f13ff8f004e9eae39ed5b16d1fa6d.png
t	f	2025-05-20 00:46:22.351482	5	2025-05-22 09:32:36.978738	5	kind	
t	f	2025-05-19 14:10:24.550481	2	2025-05-21 22:55:41.346958	2	polite	https://damdam-counseling-bucket.s3.ap-northeast-2.amazonaws.com/bot_images/6437e5b5bb41473ba41bd093a63df6d6.png
t	f	2025-05-19 14:18:01.413478	3	2025-05-21 23:03:57.373347	3	kind	
t	f	2025-05-22 05:24:49.950276	13	2025-05-22 05:24:49.950276	14		
\.


--
-- Data for Name: user_survey; Type: TABLE DATA; Schema: public; Owner: postgres
--

COPY public.user_survey (anxiety, depression, is_suicidal, stress, created_at, survey_id, user_id, stress_reason) FROM stdin;
4	1	f	12	2025-05-19 14:08:49.640846	1	1	테스
21	9	t	24	2025-05-19 16:05:03.995599	2	3	
4	7	f	15	2025-05-19 18:32:48.976518	3	4	
1	3	t	16	2025-05-20 16:47:05.378862	4	1	요즘 취업이 힘들다...
4	3	f	18	2025-05-22 02:18:30.622065	5	1	요즘 취업 때문에 힘드네...
\.


--
-- Data for Name: users; Type: TABLE DATA; Schema: public; Owner: postgres
--

COPY public.users (created_at, last_login, updated_at, user_id, nickname, provider, role, email, personal_id, profile_image) FROM stdin;
2025-05-19 14:10:24.546267	2025-05-22 00:07:50.178483	2025-05-22 00:07:50.196872	2	피곤	NAVER	ROLE_USER	o_o9164@naver.com	NAVER_qF4Ta4Kdjx_kdtbg3Imh-_547LMo50yv2OcapE4gOOQ	https://damdam-counseling-bucket.s3.ap-northeast-2.amazonaws.com/profile_images/04caae335da54bcea641aa205714848a.jpg
2025-05-19 18:31:09.786383	2025-05-19 18:31:09.834016	2025-05-19 18:31:09.851901	4	내담이	KAKAO	ROLE_USER	cku7808@naver.com	KAKAO_4267917499	
2025-05-20 14:24:04.633654	2025-05-20 14:24:04.687193	2025-05-20 14:30:33.811006	8	프로필은 왜안바뀌어	GOOGLE	ROLE_USER	royarion@gmail.com	GOOGLE_108324540851721239085	
2025-05-20 00:54:51.113163	2025-05-22 06:25:20.624392	2025-05-22 06:25:20.626053	6	김싸피	GOOGLE	ROLE_USER	jun9885@gmail.com	GOOGLE_104009967575937875879	https://damdam-counseling-bucket.s3.ap-northeast-2.amazonaws.com/profile_images/ff8a117f82f14b5ebc20a2068cc1c58e.png
2025-05-20 00:46:22.337983	2025-05-22 08:35:09.93399	2025-05-22 08:35:09.949888	5	내담이	GOOGLE	ROLE_USER	sjh2395@gmail.com	GOOGLE_112492229710063286396	
2025-05-21 11:30:41.422973	2025-05-21 11:30:41.443019	2025-05-21 11:30:41.458966	11	내담이	KAKAO	ROLE_USER	cheonwoo95@naver.com	KAKAO_4260372384	
2025-05-20 16:39:59.139442	2025-05-20 16:39:59.183653	2025-05-20 16:39:59.185253	10	내담이	KAKAO	ROLE_USER	psj970907@naver.com	KAKAO_4269221935	
2025-05-22 05:24:49.93763	2025-05-22 09:13:26.923803	2025-05-22 09:13:26.924919	14	내담이	GOOGLE	ROLE_USER	lhyunjun97@gmail.com	GOOGLE_101696991908040436337	
2025-05-19 14:06:51.39547	2025-05-22 09:13:36.968891	2025-05-22 09:13:36.970086	1	김싸피	NAVER	ROLE_USER	jun9048@naver.com	NAVER_4PQGHuT7TIePJMFsbvV4paviOopowMINsFmtQu1s5rU	https://damdam-counseling-bucket.s3.ap-northeast-2.amazonaws.com/profile_images/9060a167466840ed8a45ac1870ef2c36.png
2025-05-21 19:38:49.053205	2025-05-21 19:38:49.071654	2025-05-21 19:38:49.072546	13	내담이	KAKAO	ROLE_USER	royarion@gmail.com	KAKAO_4238729015	
2025-05-20 14:31:03.983494	2025-05-20 19:44:50.548306	2025-05-20 19:45:15.506372	9	지은	GOOGLE	ROLE_USER	wldms3333@gmail.com	GOOGLE_115614281961147788111	
2025-05-20 08:55:48.150669	2025-05-22 09:36:11.13337	2025-05-22 09:36:11.134758	7	내담이	GOOGLE	ROLE_USER	kcheonu@gmail.com	GOOGLE_110566974276485370549	
2025-05-19 14:18:01.410475	2025-05-22 09:40:05.72576	2025-05-22 09:40:05.726609	3	유보형	NAVER	ROLE_USER	ybobobo@jr.naver.com	NAVER_YvUznn4eVb1WIdafqe0QGJVpztidzt9D16jyzgGZdTA	https://damdam-counseling-bucket.s3.ap-northeast-2.amazonaws.com/profile_images/80c6f1e37b0a47189b50aede290fa188.jpg
\.


--
-- Name: answer_answer_id_seq; Type: SEQUENCE SET; Schema: public; Owner: postgres
--

SELECT pg_catalog.setval('public.answer_answer_id_seq', 1, false);


--
-- Name: counseling_couns_id_seq; Type: SEQUENCE SET; Schema: public; Owner: postgres
--

SELECT pg_catalog.setval('public.counseling_couns_id_seq', 162, true);


--
-- Name: inquiry_inquiry_id_seq; Type: SEQUENCE SET; Schema: public; Owner: postgres
--

SELECT pg_catalog.setval('public.inquiry_inquiry_id_seq', 1, false);


--
-- Name: notice_notice_id_seq; Type: SEQUENCE SET; Schema: public; Owner: postgres
--

SELECT pg_catalog.setval('public.notice_notice_id_seq', 1, false);


--
-- Name: period_report_p_report_id_seq; Type: SEQUENCE SET; Schema: public; Owner: postgres
--

SELECT pg_catalog.setval('public.period_report_p_report_id_seq', 26, true);


--
-- Name: session_report_s_report_id_seq; Type: SEQUENCE SET; Schema: public; Owner: postgres
--

SELECT pg_catalog.setval('public.session_report_s_report_id_seq', 39, true);


--
-- Name: user_info_info_id_seq; Type: SEQUENCE SET; Schema: public; Owner: postgres
--

SELECT pg_catalog.setval('public.user_info_info_id_seq', 13, true);


--
-- Name: user_setting_setting_id_seq; Type: SEQUENCE SET; Schema: public; Owner: postgres
--

SELECT pg_catalog.setval('public.user_setting_setting_id_seq', 13, true);


--
-- Name: user_survey_survey_id_seq; Type: SEQUENCE SET; Schema: public; Owner: postgres
--

SELECT pg_catalog.setval('public.user_survey_survey_id_seq', 5, true);


--
-- Name: users_user_id_seq; Type: SEQUENCE SET; Schema: public; Owner: postgres
--

SELECT pg_catalog.setval('public.users_user_id_seq', 14, true);


--
-- Name: answer answer_inquiry_id_key; Type: CONSTRAINT; Schema: public; Owner: postgres
--

ALTER TABLE ONLY public.answer
    ADD CONSTRAINT answer_inquiry_id_key UNIQUE (inquiry_id);


--
-- Name: answer answer_pkey; Type: CONSTRAINT; Schema: public; Owner: postgres
--

ALTER TABLE ONLY public.answer
    ADD CONSTRAINT answer_pkey PRIMARY KEY (answer_id);


--
-- Name: counseling counseling_pkey; Type: CONSTRAINT; Schema: public; Owner: postgres
--

ALTER TABLE ONLY public.counseling
    ADD CONSTRAINT counseling_pkey PRIMARY KEY (couns_id);


--
-- Name: inquiry inquiry_pkey; Type: CONSTRAINT; Schema: public; Owner: postgres
--

ALTER TABLE ONLY public.inquiry
    ADD CONSTRAINT inquiry_pkey PRIMARY KEY (inquiry_id);


--
-- Name: notice notice_pkey; Type: CONSTRAINT; Schema: public; Owner: postgres
--

ALTER TABLE ONLY public.notice
    ADD CONSTRAINT notice_pkey PRIMARY KEY (notice_id);


--
-- Name: period_report period_report_pkey; Type: CONSTRAINT; Schema: public; Owner: postgres
--

ALTER TABLE ONLY public.period_report
    ADD CONSTRAINT period_report_pkey PRIMARY KEY (p_report_id);


--
-- Name: period_report period_report_user_id_key; Type: CONSTRAINT; Schema: public; Owner: postgres
--

ALTER TABLE ONLY public.period_report
    ADD CONSTRAINT period_report_user_id_key UNIQUE (user_id);


--
-- Name: session_report session_report_couns_id_key; Type: CONSTRAINT; Schema: public; Owner: postgres
--

ALTER TABLE ONLY public.session_report
    ADD CONSTRAINT session_report_couns_id_key UNIQUE (couns_id);


--
-- Name: session_report session_report_pkey; Type: CONSTRAINT; Schema: public; Owner: postgres
--

ALTER TABLE ONLY public.session_report
    ADD CONSTRAINT session_report_pkey PRIMARY KEY (s_report_id);


--
-- Name: user_info user_info_pkey; Type: CONSTRAINT; Schema: public; Owner: postgres
--

ALTER TABLE ONLY public.user_info
    ADD CONSTRAINT user_info_pkey PRIMARY KEY (info_id);


--
-- Name: user_info user_info_user_id_key; Type: CONSTRAINT; Schema: public; Owner: postgres
--

ALTER TABLE ONLY public.user_info
    ADD CONSTRAINT user_info_user_id_key UNIQUE (user_id);


--
-- Name: user_setting user_setting_pkey; Type: CONSTRAINT; Schema: public; Owner: postgres
--

ALTER TABLE ONLY public.user_setting
    ADD CONSTRAINT user_setting_pkey PRIMARY KEY (setting_id);


--
-- Name: user_setting user_setting_user_id_key; Type: CONSTRAINT; Schema: public; Owner: postgres
--

ALTER TABLE ONLY public.user_setting
    ADD CONSTRAINT user_setting_user_id_key UNIQUE (user_id);


--
-- Name: user_survey user_survey_pkey; Type: CONSTRAINT; Schema: public; Owner: postgres
--

ALTER TABLE ONLY public.user_survey
    ADD CONSTRAINT user_survey_pkey PRIMARY KEY (survey_id);


--
-- Name: users users_personal_id_key; Type: CONSTRAINT; Schema: public; Owner: postgres
--

ALTER TABLE ONLY public.users
    ADD CONSTRAINT users_personal_id_key UNIQUE (personal_id);


--
-- Name: users users_pkey; Type: CONSTRAINT; Schema: public; Owner: postgres
--

ALTER TABLE ONLY public.users
    ADD CONSTRAINT users_pkey PRIMARY KEY (user_id);


--
-- Name: user_survey fk19qyyq0h5ymd5eal6ydpkcujp; Type: FK CONSTRAINT; Schema: public; Owner: postgres
--

ALTER TABLE ONLY public.user_survey
    ADD CONSTRAINT fk19qyyq0h5ymd5eal6ydpkcujp FOREIGN KEY (user_id) REFERENCES public.users(user_id);


--
-- Name: counseling fk4i5u9ri8eschut54e3urcbbfk; Type: FK CONSTRAINT; Schema: public; Owner: postgres
--

ALTER TABLE ONLY public.counseling
    ADD CONSTRAINT fk4i5u9ri8eschut54e3urcbbfk FOREIGN KEY (user_id) REFERENCES public.users(user_id);


--
-- Name: user_setting fk839ngxoo1gsfh47faem953kxr; Type: FK CONSTRAINT; Schema: public; Owner: postgres
--

ALTER TABLE ONLY public.user_setting
    ADD CONSTRAINT fk839ngxoo1gsfh47faem953kxr FOREIGN KEY (user_id) REFERENCES public.users(user_id);


--
-- Name: period_report fke32ysccss8pq0wuwb22i9rag; Type: FK CONSTRAINT; Schema: public; Owner: postgres
--

ALTER TABLE ONLY public.period_report
    ADD CONSTRAINT fke32ysccss8pq0wuwb22i9rag FOREIGN KEY (user_id) REFERENCES public.users(user_id);


--
-- Name: session_report fklhin9jnm0hf7nvcb576r0b8tn; Type: FK CONSTRAINT; Schema: public; Owner: postgres
--

ALTER TABLE ONLY public.session_report
    ADD CONSTRAINT fklhin9jnm0hf7nvcb576r0b8tn FOREIGN KEY (couns_id) REFERENCES public.counseling(couns_id);


--
-- Name: answer fkorj44x0s6gykvf1vuy5uws141; Type: FK CONSTRAINT; Schema: public; Owner: postgres
--

ALTER TABLE ONLY public.answer
    ADD CONSTRAINT fkorj44x0s6gykvf1vuy5uws141 FOREIGN KEY (inquiry_id) REFERENCES public.inquiry(inquiry_id);


--
-- Name: user_info fkr1b96ca4asuvrhwoqkdmbo7nj; Type: FK CONSTRAINT; Schema: public; Owner: postgres
--

ALTER TABLE ONLY public.user_info
    ADD CONSTRAINT fkr1b96ca4asuvrhwoqkdmbo7nj FOREIGN KEY (user_id) REFERENCES public.users(user_id);


--
-- Name: inquiry fkray80kmwpjpjb91ime7ogijjr; Type: FK CONSTRAINT; Schema: public; Owner: postgres
--

ALTER TABLE ONLY public.inquiry
    ADD CONSTRAINT fkray80kmwpjpjb91ime7ogijjr FOREIGN KEY (user_id) REFERENCES public.users(user_id);


--
-- PostgreSQL database dump complete
--

